	Lemme	Number of occurrence
0	maman	7089
1	papa	3235
2	bébé	1868
3	tout	1559
4	pour	1509
5	si	1288
6	maison	1240
7	eau	1237
8	voiture	1211
9	peu	1156
10	chat	1011
11	mets	758
12	doudou	756
13	main	738
14	livre	733
15	poisson	725
16	mai	707
17	lapin	702
18	chien	698
19	quatre	656
20	bateau	611
21	tête	567
22	caca	558
23	monsieur	553
24	lit	553
25	cheval	544
26	truc	519
27	rien	518
28	ballon	517
29	train	510
30	cochon	497
31	fille	493
32	gâteau	490
33	gros	477
34	pied	468
35	yeux	465
36	école	454
37	chaussure	439
38	bien	438
39	garçon	431
40	oiseau	430
41	bonhomme	428
42	envie	415
43	carte	415
44	joue	410
45	porte	402
46	peur	392
47	loup	387
48	enfant	387
49	pipi	380
50	fois	379
51	cadeau	377
52	nez	376
53	jeu	375
54	chocolat	367
55	fleur	362
56	an	357
57	ferme	347
58	côté	346
59	photo	333
60	couleur	333
61	canard	331
62	comment	328
63	chapeau	328
64	manger	327
65	boule	319
66	vache	319
67	histoire	316
68	lait	316
69	noir	316
70	nounours	313
71	avoir	313
72	pomme	313
73	plein	312
74	avion	312
75	heure	309
76	rose	305
77	souris	305
78	éléphant	305
79	bouche	299
80	tétine	293
81	table	293
82	camion	286
83	cheveu	286
84	marche	284
85	balle	279
86	poupée	279
87	mamie	277
88	trou	276
89	frère	275
90	bout	270
91	bobo	270
92	cuillère	267
93	orange	265
94	animal	249
95	musique	249
96	madame	243
97	boîte	243
98	sac	238
99	sept	237
100	arbre	237
101	chambre	237
102	soleil	236
103	poule	235
104	papillon	233
105	crocodile	233
106	pâte	231
107	lion	231
108	temps	229
109	tombe	228
110	puzzle	228
111	ours	227
112	pain	227
113	mouton	226
114	rond	224
115	dame	223
116	anniversaire	221
117	bras	220
118	oeuf	219
119	chaussette	219
120	grenouille	218
121	montre	217
122	bain	214
123	tour	214
124	chausson	214
125	doigt	213
126	dessin	213
127	place	211
128	clown	210
129	avant	210
130	jouet	210
131	queue	209
132	girafe	208
133	besoin	207
134	tortue	207
135	moto	204
136	crayon	203
137	terre	202
138	copain	200
139	carotte	200
140	oreille	199
141	bouton	198
142	feuille	198
143	chaise	198
144	singe	198
145	bruit	189
146	jour	188
147	pourquoi	187
148	coup	186
149	froid	186
150	vélo	180
151	poussin	179
152	pyjama	178
153	piscine	175
154	bonbon	174
155	lumière	174
156	caméra	173
157	coeur	171
158	fenêtre	171
159	feu	171
160	robe	169
161	verre	169
162	couteau	166
163	poubelle	166
164	château	163
165	culotte	161
166	page	161
167	laisse	161
168	pantalon	161
169	neige	160
170	toboggan	160
171	banane	160
172	touche	159
173	pirate	155
174	bêtise	155
175	mer	155
176	princesse	154
177	glace	154
178	sucre	154
179	classe	154
180	café	151
181	maîtresse	150
182	hippopotame	149
183	pique	149
184	serpent	149
185	bisou	148
186	dent	148
187	ami	147
188	reste	147
189	assiette	145
190	été	144
191	tigre	142
192	biberon	142
193	faim	141
194	soeur	140
195	dire	140
196	allée	139
197	roue	139
198	pot	139
199	ventre	135
200	mieux	135
201	colle	134
202	manège	133
203	sortir	132
204	chose	132
205	pièce	131
206	mariage	130
207	bois	130
208	tonton	130
209	renard	130
210	fraise	130
211	violet	129
212	morceau	129
213	m	128
214	nuit	128
215	personne	127
216	téléphone	127
217	escargot	126
218	papier	126
219	boire	126
220	monde	125
221	jus	123
222	mort	123
223	étoile	123
224	coin	122
225	son	122
226	malade	121
227	dodo	121
228	perroquet	118
229	micro	117
230	cuisine	117
231	manteau	117
232	copine	116
233	ciseau	116
234	derrière	116
235	patte	116
236	matin	115
237	envers	113
238	lego	113
239	chanson	113
240	fromage	113
241	couche	112
242	a	111
243	lunette	111
244	tatouage	109
245	parterre	109
246	tracteur	109
247	tomate	108
248	bulle	107
249	baleine	107
250	part	106
251	manque	106
252	vacance	106
253	hélicoptère	106
254	carton	105
255	grave	105
256	lettre	105
257	mot	105
258	casse	105
259	e	104
260	papi	104
261	sapin	104
262	ciel	104
263	peinture	103
264	aura	103
265	croissant	102
266	bouchon	102
267	sucette	101
268	hibou	101
269	sorcier	100
270	famille	99
271	écureuil	98
272	travail	98
273	route	97
274	gens	97
275	pompier	97
276	lis	96
277	cigarette	96
278	tape	96
279	mère	96
280	boudin	95
281	course	95
282	sou	95
283	casquette	95
284	dos	94
285	jambe	94
286	amour	93
287	fumée	93
288	bouge	93
289	coq	92
290	mur	92
291	nom	92
292	sable	92
293	bête	91
294	amoureux	90
295	dada	90
296	botte	90
297	fruit	89
298	passé	89
299	ski	88
300	mouche	88
301	lune	87
302	plage	87
303	dernier	87
304	fesse	87
305	super	86
306	docteur	86
307	clef	86
308	zoo	85
309	fourchette	85
310	clé	85
311	film	84
312	parapluie	84
313	jardin	84
314	serviette	84
315	hérisson	83
316	télé	83
317	chèvre	82
318	pose	82
319	père	82
320	requin	81
321	âne	81
322	poche	81
323	marron	80
324	c	79
325	étai	79
326	vrai	77
327	bouteille	77
328	accident	77
329	coquin	77
330	soif	76
331	poussette	76
332	langue	76
333	araignée	75
334	collier	75
335	pouce	75
336	tapis	75
337	bol	75
338	crotte	74
339	garage	74
340	coccinelle	74
341	prison	73
342	rein	73
343	dinosaure	73
344	abeille	73
345	genou	73
346	sens	72
347	papy	72
348	échelle	71
349	machine	71
350	mamy	70
351	i	70
352	court	70
353	bougie	70
354	mouchoir	70
355	paille	70
356	couronne	70
357	pull	70
358	but	69
359	habit	69
360	cou	69
361	savon	69
362	chenille	68
363	moment	68
364	cousin	67
365	dé	67
366	viande	67
367	panier	67
368	veste	66
369	lave	66
370	tasse	66
371	salade	66
372	couverture	66
373	canapé	66
374	vie	65
375	jambon	65
376	marionnette	65
377	coussin	65
378	pistolet	65
379	trente	64
380	dragon	64
381	guitare	64
382	perle	64
383	monstre	64
384	ogre	63
385	gris	63
386	panda	63
387	cabane	63
388	roi	62
389	cantine	62
390	nu	62
391	valise	62
392	brosse	62
393	mauve	61
394	pareil	61
395	bord	61
396	escalier	61
397	écoute	61
398	trésor	60
399	soir	60
400	médicament	60
401	fil	60
402	raquette	60
403	dauphin	60
404	douche	60
405	forme	60
406	o	59
407	thé	59
408	peau	59
409	barrière	59
410	yaourt	59
411	luge	58
412	pluie	58
413	fou	58
414	danse	57
415	noeud	57
416	rigolo	57
417	fête	57
418	pingouin	57
419	demain	57
420	herbe	57
421	air	57
422	onze	56
423	avance	56
424	premier	56
425	champignon	56
426	crème	56
427	zèbre	56
428	prêt	56
429	prince	55
430	t	55
431	bonnet	55
432	début	55
433	cent	54
434	beurre	54
435	galette	53
436	argent	53
437	auto	53
438	affaire	53
439	coucher	53
440	balançoire	53
441	câlin	53
442	devant	53
443	soupe	53
444	faux	52
445	façon	52
446	image	52
447	seau	52
448	moteur	52
449	cour	52
450	oeil	52
451	suite	52
452	nouveau	51
453	tableau	51
454	taille	51
455	écrit	51
456	pelle	51
457	montagne	51
458	toilette	51
459	kangourou	51
460	cocotte	51
461	cacao	50
462	lance	50
463	garde	50
464	compte	50
465	pierre	50
466	gant	50
467	toit	50
468	poire	50
469	tabouret	50
470	ton	50
471	cerise	50
472	deuxième	49
473	fauteuil	49
474	poulet	49
475	disque	49
476	lampe	49
477	exemple	48
478	scotch	48
479	police	48
480	poney	48
481	fantôme	48
482	haut	48
483	télévision	48
484	forêt	47
485	licorne	47
486	sel	47
487	épée	47
488	bâton	47
489	pantoufle	47
490	peluche	47
491	cirque	46
492	attaque	46
493	parrain	46
494	lézard	46
495	nuage	46
496	compote	46
497	minou	46
498	étage	46
499	idée	46
500	dimanche	46
501	cheminée	46
502	crabe	46
503	blanche	46
504	marché	46
505	aide	45
506	pinceau	45
507	parent	45
508	pont	45
509	cassette	45
510	bus	45
511	vent	45
512	citron	45
513	attrape	45
514	ordinateur	45
515	prénom	44
516	coco	44
517	cage	44
518	marraine	44
519	riz	44
520	mille	43
521	maillot	43
522	ficelle	43
523	magasin	43
524	baguette	43
525	tiroir	43
526	peigne	43
527	légume	43
528	salle	43
529	crèche	42
530	bouée	42
531	triangle	42
532	demande	42
533	wagon	42
534	fée	42
535	biscuit	42
536	coffre	42
537	coupé	42
538	gauche	42
539	tartine	42
540	ru	42
541	bloc	41
542	amoureuse	41
543	momie	41
544	ver	41
545	stylo	41
546	paquet	41
547	ensemble	41
548	sandale	41
549	basket	40
550	foot	40
551	minute	40
552	problème	40
553	mousse	40
554	fort	40
555	ail	40
556	balai	40
557	change	39
558	robinet	39
559	trompette	39
560	toucher	39
561	pioche	39
562	galop	39
563	moulin	39
564	pince	39
565	chéri	38
566	jupe	38
567	hôpital	38
568	n	38
569	pêche	38
570	trottinette	38
571	endroit	38
572	sieste	38
573	caillou	38
574	souffle	38
575	fourmi	38
576	chique	37
577	géant	37
578	pizza	37
579	goûter	37
580	chemin	37
581	b	37
582	chevalier	37
583	spaghetti	37
584	fusée	37
585	farine	37
586	marc	37
587	cube	37
588	céréale	36
589	raté	36
590	baignoire	36
591	l	36
592	corne	36
593	samedi	36
594	vieux	36
595	nouvelle	36
596	goutte	36
597	plume	36
598	sage	36
599	bureau	36
600	bas	36
601	confiture	36
602	voleur	35
603	policier	35
604	fermier	35
605	hamster	35
606	pansement	35
607	espèce	35
608	aiguille	35
609	quarante	35
610	volant	35
611	cul	34
612	rigole	34
613	ligne	34
614	d	34
615	bille	34
616	journée	34
617	cahier	34
618	vitre	34
619	cinéma	34
620	raisin	34
621	saucisson	34
622	milieu	34
623	coca	33
624	automne	33
625	vendredi	33
626	scratch	33
627	prout	33
628	zéro	33
629	spectacle	33
630	mardi	33
631	plat	33
632	chameau	33
633	parc	33
634	sommeil	33
635	coquillage	33
636	roulette	33
637	dégât	32
638	frite	32
639	four	32
640	cloche	32
641	numéro	32
642	hôtel	32
643	crêpe	32
644	piano	32
645	drapeau	32
646	rat	32
647	vin	32
648	sauté	32
649	chaud	32
650	caisse	32
651	patin	32
652	robot	32
653	autocollant	31
654	mercredi	31
655	lundi	31
656	grimace	31
657	feutre	31
658	tablier	31
659	cours	31
660	koala	31
661	pile	31
662	zizi	31
663	pis	31
664	euro	30
665	framboise	30
666	blague	30
667	collant	30
668	poivre	30
669	écharpe	30
670	flèche	30
671	arrêté	30
672	briquet	30
673	corde	30
674	orage	30
675	costume	29
676	préféré	29
677	u	29
678	mélange	29
679	secours	29
680	mise	29
681	siège	29
682	vague	29
683	jeudi	29
684	marteau	29
685	tambour	29
686	armoire	29
687	bec	29
688	jean	28
689	fève	28
690	moins	28
691	boue	28
692	chouchou	28
693	sortie	28
694	obligé	28
695	aile	28
696	outil	28
697	figure	28
698	barbe	28
699	poussier	28
700	éponge	28
701	miette	28
702	âge	27
703	joker	27
704	déguisement	27
705	chef	27
706	rêve	27
707	v	27
708	intérieur	27
709	surprise	27
710	bracelet	27
711	tata	27
712	salon	27
713	casserole	27
714	tas	27
715	râteau	27
716	couvercle	27
717	vide	27
718	cerf	27
719	année	26
720	corps	26
721	femme	26
722	blé	26
723	sang	26
724	avis	26
725	pin	26
726	hoquet	26
727	brouette	26
728	bague	26
729	tard	26
730	galipette	26
731	sirène	26
732	voisin	26
733	léopard	25
734	haricot	25
735	bagarre	25
736	propre	25
737	arrosoir	25
738	bavette	25
739	ceinture	25
740	casque	25
741	craie	25
742	attaché	25
743	fils	25
744	phare	25
745	s	25
746	miaou	25
747	attention	25
748	masque	25
749	ongle	25
750	trompe	25
751	comique	24
752	maître	24
753	frappe	24
754	soulier	24
755	moustique	24
756	mois	24
757	pépé	24
758	aigle	24
759	tache	24
760	semblant	24
761	plastique	24
762	vomi	24
763	étiquette	24
764	rail	24
765	raison	24
766	maïs	24
767	chariot	24
768	vaisselle	24
769	section	23
770	cape	23
771	cause	23
772	phoque	23
773	vanille	23
774	gratte	23
775	castor	23
776	bosse	23
777	surtout	23
778	face	23
779	appareil	23
780	toutou	23
781	poil	23
782	jeep	23
783	pigeon	23
784	tente	23
785	pipe	23
786	meilleur	22
787	otarie	22
788	devoir	22
789	purée	22
790	patate	22
791	colère	22
792	instant	22
793	miroir	22
794	couvert	22
795	travers	22
796	gomme	22
797	piqûre	22
798	car	22
799	facteur	22
800	chemise	22
801	homme	22
802	olive	22
803	crapaud	21
804	alouette	21
805	couette	21
806	tennis	21
807	gars	21
808	capuche	21
809	mandarin	21
810	pic	21
811	taupe	21
812	marin	21
813	fabrique	21
814	allumette	21
815	drap	21
816	métro	21
817	lancer	21
818	os	21
819	voyage	21
820	dommage	21
821	sifflet	21
822	joie	20
823	pépin	20
824	soucoupe	20
825	cinquante	20
826	carnaval	20
827	croquette	20
828	déjeuner	20
829	nain	20
830	pays	20
831	médaille	20
832	domino	20
833	bouquet	20
834	barrette	20
835	gommette	20
836	pendant	20
837	semaine	20
838	église	20
839	lacet	20
840	chaîne	20
841	gilet	20
842	couture	20
843	bonjour	20
844	moustache	20
845	troisième	20
846	pneu	20
847	prêté	20
848	médecin	19
849	dessert	19
850	mouette	19
851	short	19
852	f	19
853	chiffre	19
854	magie	19
855	pou	19
856	vieille	19
857	moyen	19
858	vêtement	19
859	gorge	19
860	grue	19
861	annulaire	19
862	trottoir	19
863	poteau	19
864	volet	19
865	pieuvre	19
866	or	19
867	saucisse	19
868	groupe	18
869	égout	18
870	cachette	18
871	bijou	18
872	appétit	18
873	règle	18
874	scarabée	18
875	modèle	18
876	mémé	18
877	w	18
878	chaton	18
879	carreau	18
880	brun	18
881	rhinocéros	18
882	possible	18
883	veau	18
884	autour	18
885	rivière	18
886	magnétophone	18
887	droite	18
888	vis	18
889	salopette	18
890	meuble	18
891	savoir	18
892	fessée	18
893	placard	18
894	merci	18
895	épaule	18
896	noyau	17
897	schtroumpf	17
898	dégoûtant	17
899	espace	17
900	cuisinier	17
901	berceau	17
902	baffe	17
903	kiki	17
904	mallette	17
905	nappe	17
906	aspirateur	17
907	tampon	17
908	pois	17
909	jet	17
910	demi	17
911	griffe	17
912	sourire	17
913	champ	17
914	cartable	17
915	journal	17
916	plafond	17
917	saleté	17
918	radiateur	17
919	parasol	17
920	nid	17
921	crevette	17
922	arrivée	17
923	banc	17
924	manche	17
925	tenture	16
926	immeuble	16
927	g	16
928	chatouille	16
929	guirlande	16
930	récréation	16
931	personnage	16
932	force	16
933	sandwich	16
934	pion	16
935	chip	16
936	violette	16
937	radis	16
938	contre	16
939	produit	16
940	dépêche	16
941	méduse	16
942	noël	16
943	coloriage	16
944	tonnerre	16
945	restaurant	16
946	lavabo	16
947	filet	16
948	majeur	16
949	gourmand	16
950	panne	16
951	cygne	16
952	album	16
953	mignon	16
954	baisse	16
955	montée	16
956	cabinet	16
957	chance	15
958	dalmatien	15
959	invité	15
960	centre	15
961	planète	15
962	hiver	15
963	k	15
964	pratique	15
965	graine	15
966	rhume	15
967	dromadaire	15
968	attache	15
969	bombe	15
970	chaperon	15
971	village	15
972	violon	15
973	pauvre	15
974	éclair	15
975	flûte	15
976	rocher	15
977	bétonneuse	15
978	index	15
979	toupie	15
980	canne	15
981	plaque	15
982	habitude	15
983	rideau	15
984	maternelle	15
985	rire	15
986	arrière	15
987	lâche	15
988	tournoi	14
989	collation	14
990	lutin	14
991	reflet	14
992	écarté	14
993	potager	14
994	quatrième	14
995	orque	14
996	anglais	14
997	milliard	14
998	slip	14
999	omelette	14
1000	commande	14
1001	sanglier	14
1002	z	14
1003	tarte	14
1004	ananas	14
1005	garderie	14
1006	brique	14
1007	clou	14
1008	paillette	14
1009	voix	14
1010	lèvre	14
1011	note	14
1012	canaille	14
1013	ville	14
1014	élastique	14
1015	taureau	14
1016	construction	14
1017	barre	14
1018	locomotive	14
1019	conduit	14
1020	con	14
1021	caravane	14
1022	front	14
1023	coque	14
1024	épingle	14
1025	caramel	14
1026	parquet	14
1027	souci	13
1028	bal	13
1029	diadème	13
1030	prisonnier	13
1031	tenue	13
1032	concours	13
1033	crasse	13
1034	couchage	13
1035	fiche	13
1036	courgette	13
1037	trampoline	13
1038	tutu	13
1039	punaise	13
1040	midi	13
1041	peine	13
1042	repas	13
1043	poulain	13
1044	top	13
1045	j	13
1046	remorque	13
1047	goût	13
1048	ambulance	13
1049	indien	13
1050	balance	13
1051	gare	13
1052	rentrée	13
1053	timbale	13
1054	voie	13
1055	gêne	13
1056	linge	13
1057	leçon	12
1058	gala	12
1059	carrosse	12
1060	bandeau	12
1061	prise	12
1062	baptême	12
1063	soi	12
1064	bac	12
1065	avril	12
1066	rencontre	12
1067	magicien	12
1068	caleçon	12
1069	moyenne	12
1070	télécommande	12
1071	niche	12
1072	foire	12
1073	camembert	12
1074	agneau	12
1075	mare	12
1076	nounou	12
1077	lèche	12
1078	menthe	12
1079	autruche	12
1080	matelas	12
1081	ombre	12
1082	exprès	12
1083	passage	12
1084	moitié	12
1085	levé	12
1086	noix	12
1087	chasseur	12
1088	mari	12
1089	biche	12
1090	statue	12
1091	pardon	12
1092	museau	12
1093	idiot	12
1094	aimant	12
1095	caresse	12
1096	marchand	12
1097	sirop	12
1098	vaisseau	12
1099	liste	11
1100	cas	11
1101	armée	11
1102	impression	11
1103	mitre	11
1104	pilote	11
1105	essence	11
1106	tulipe	11
1107	brocoli	11
1108	malin	11
1109	capitaine	11
1110	pet	11
1111	pouvoir	11
1112	plaisir	11
1113	mini	11
1114	ketchup	11
1115	brassard	11
1116	port	11
1117	q	11
1118	cadre	11
1119	dindon	11
1120	secret	11
1121	double	11
1122	boucle	11
1123	chauffage	11
1124	grotte	11
1125	pommade	11
1126	kiwi	11
1127	lingette	11
1128	ourson	11
1129	jumelles	11
1130	chou	11
1131	radio	11
1132	shampooing	11
1133	chinois	11
1134	tige	11
1135	quille	11
1136	dieu	11
1137	tuyau	11
1138	faute	11
1139	cendrier	11
1140	réveil	11
1141	hélice	11
1142	boulot	11
1143	miel	11
1144	campagne	11
1145	frigo	11
1146	évier	10
1147	accessoire	10
1148	ordre	10
1149	spider	10
1150	charbon	10
1151	vampire	10
1152	chandail	10
1153	squelette	10
1154	gorille	10
1155	gribouillage	10
1156	poésie	10
1157	mystère	10
1158	épinard	10
1159	parfum	10
1160	soldat	10
1161	ravioli	10
1162	tresse	10
1163	renne	10
1164	panthère	10
1165	bavoir	10
1166	jeune	10
1167	question	10
1168	corbeau	10
1169	jungle	10
1170	noisette	10
1171	calme	10
1172	ascenseur	10
1173	tension	10
1174	lionne	10
1175	sabre	10
1176	triche	10
1177	pédale	10
1178	carrelage	10
1179	carnet	10
1180	longue	10
1181	chouette	10
1182	groseille	10
1183	bande	10
1184	machin	10
1185	baiser	10
1186	fusil	10
1187	voile	10
1188	menteur	10
1189	sourcil	10
1190	balcon	10
1191	revenu	10
1192	sparadrap	9
1193	spatule	9
1194	crevaison	9
1195	moine	9
1196	somme	9
1197	trajet	9
1198	français	9
1199	contrebasse	9
1200	abricot	9
1201	artichaut	9
1202	barbecue	9
1203	dînette	9
1204	poste	9
1205	courrier	9
1206	terrasse	9
1207	football	9
1208	millier	9
1209	disparu	9
1210	printemps	9
1211	mitaine	9
1212	titre	9
1213	fermeture	9
1214	tâche	9
1215	sabot	9
1216	foin	9
1217	levure	9
1218	case	9
1219	clémentine	9
1220	mammouth	9
1221	pâté	9
1222	coquille	9
1223	pintade	9
1224	bibliothèque	9
1225	auriculaire	9
1226	semelle	9
1227	soufflé	9
1228	algue	9
1229	tronc	9
1230	branche	9
1231	tunnel	9
1232	oreiller	9
1233	pochette	9
1234	malheur	9
1235	biscotte	9
1236	libellule	9
1237	crochet	9
1238	claque	9
1239	santé	9
1240	cave	9
1241	citrouille	9
1242	moufle	9
1243	dictée	8
1244	lavette	8
1245	embrasse	8
1246	tournis	8
1247	mauvais	8
1248	tarama	8
1249	gratin	8
1250	retard	8
1251	poignée	8
1252	toile	8
1253	promenade	8
1254	gobelet	8
1255	bidon	8
1256	ukulélé	8
1257	y	8
1258	plan	8
1259	phrase	8
1260	mayonnaise	8
1261	roller	8
1262	golf	8
1263	gymnastique	8
1264	échange	8
1265	pâtisserie	8
1266	lac	8
1267	coiffeur	8
1268	pompon	8
1269	pirouette	8
1270	paye	8
1271	aquarium	8
1272	caneton	8
1273	catastrophe	8
1274	maquillage	8
1275	adulte	8
1276	bob	8
1277	huile	8
1278	sport	8
1279	nombril	8
1280	croix	8
1281	jaguar	8
1282	silence	8
1283	hache	8
1284	entier	8
1285	reçu	8
1286	ventilateur	8
1287	piste	8
1288	moule	8
1289	conducteur	8
1290	scie	8
1291	croisé	8
1292	croûte	8
1293	benne	8
1294	tonneau	8
1295	mécanique	8
1296	loto	8
1297	salé	8
1298	bravo	8
1299	putain	8
1300	cravate	8
1301	cacahuète	8
1302	harmonica	8
1303	mâche	7
1304	pilier	7
1305	correspondant	7
1306	institutrice	7
1307	naissance	7
1308	tempête	7
1309	lecture	7
1310	loisir	7
1311	papou	7
1312	bazar	7
1313	chai	7
1314	rapide	7
1315	muscle	7
1316	missile	7
1317	martien	7
1318	karaté	7
1319	stop	7
1320	juillet	7
1321	mignonne	7
1322	batelier	7
1323	coiffe	7
1324	patapouf	7
1325	stade	7
1326	volcan	7
1327	goal	7
1328	roulade	7
1329	piquet	7
1330	guerre	7
1331	hamburger	7
1332	plombier	7
1333	flamant	7
1334	confetti	7
1335	flaque	7
1336	enclos	7
1337	peignoir	7
1338	jumeau	7
1339	angle	7
1340	ampoule	7
1341	mosaïque	7
1342	dîner	7
1343	datte	7
1344	yoyo	7
1345	diamant	7
1346	fifille	7
1347	selle	7
1348	bourdon	7
1349	cri	7
1350	ovale	7
1351	couloir	7
1352	sol	7
1353	tourterelle	7
1354	accordéon	7
1355	appelé	7
1356	second	7
1357	dentifrice	7
1358	microbe	7
1359	halle	7
1360	rouleau	7
1361	panneau	7
1362	partage	7
1363	cabriole	7
1364	coude	7
1365	losange	7
1366	corbeille	7
1367	ticket	7
1368	suppositoire	7
1369	fanfare	7
1370	cuisse	7
1371	ressort	7
1372	guêpe	7
1373	prune	7
1374	poêle	7
1375	solide	7
1376	bouille	7
1377	tante	7
1378	entrée	7
1379	narine	7
1380	chardon	6
1381	mission	6
1382	poison	6
1383	désordre	6
1384	plaine	6
1385	intérêt	6
1386	porcelaine	6
1387	mûre	6
1388	royaume	6
1389	visage	6
1390	éveil	6
1391	bicyclette	6
1392	exercice	6
1393	laboureur	6
1394	bise	6
1395	marmiton	6
1396	gouttière	6
1397	râle	6
1398	étagère	6
1399	piège	6
1400	service	6
1401	scorpion	6
1402	cafetier	6
1403	maisonnette	6
1404	xylophone	6
1405	minerve	6
1406	poulpe	6
1407	épine	6
1408	risque	6
1409	combat	6
1410	vitesse	6
1411	cerceau	6
1412	musée	6
1413	chinoise	6
1414	cascade	6
1415	manette	6
1416	coiffure	6
1417	pompe	6
1418	chanteur	6
1419	chiot	6
1420	lama	6
1421	centaine	6
1422	mèche	6
1423	gland	6
1424	loutre	6
1425	passoire	6
1426	pollen	6
1427	bagage	6
1428	sauce	6
1429	canari	6
1430	torse	6
1431	palmier	6
1432	collage	6
1433	polo	6
1434	houx	6
1435	lendemain	6
1436	limace	6
1437	apéritif	6
1438	lever	6
1439	marque	6
1440	musicien	6
1441	interdit	6
1442	bécassine	6
1443	oie	6
1444	ferment	6
1445	brillant	6
1446	rang	6
1447	gourde	6
1448	lieu	6
1449	ouïe	6
1450	courant	6
1451	pétale	6
1452	antenne	6
1453	plancher	6
1454	roche	6
1455	hippocampe	6
1456	boutique	6
1457	laine	6
1458	facture	6
1459	grève	6
1460	gueule	6
1461	envolée	6
1462	vase	6
1463	judo	6
1464	métal	6
1465	fourrure	6
1466	lourde	6
1467	abîme	6
1468	chiffon	6
1469	bretelle	6
1470	culbute	6
1471	cognée	6
1472	gardien	6
1473	rendu	6
1474	tondeuse	6
1475	jacquot	6
1476	bifteck	5
1477	vrac	5
1478	potiron	5
1479	bulbe	5
1480	fripon	5
1481	cran	5
1482	ange	5
1483	effet	5
1484	honneur	5
1485	camp	5
1486	vive	5
1487	choix	5
1488	clapier	5
1489	accent	5
1490	palet	5
1491	larme	5
1492	maladie	5
1493	repris	5
1494	foi	5
1495	flocon	5
1496	rangée	5
1497	rigolote	5
1498	huître	5
1499	chatte	5
1500	tartelette	5
1501	simple	5
1502	instrument	5
1503	calendrier	5
1504	chignon	5
1505	attraction	5
1506	miss	5
1507	divan	5
1508	cintre	5
1509	cuite	5
1510	messe	5
1511	brouillard	5
1512	chauffe	5
1513	fontaine	5
1514	sofa	5
1515	claquette	5
1516	cauchemar	5
1517	départ	5
1518	moutarde	5
1519	nourriture	5
1520	mode	5
1521	hyène	5
1522	grincheux	5
1523	niveau	5
1524	plonge	5
1525	serpentin	5
1526	classique	5
1527	crampon	5
1528	console	5
1529	boulette	5
1530	quiche	5
1531	amenée	5
1532	hasard	5
1533	bibi	5
1534	magazine	5
1535	poirier	5
1536	berger	5
1537	gym	5
1538	accord	5
1539	saut	5
1540	tranche	5
1541	stéthoscope	5
1542	bouquetin	5
1543	ruban	5
1544	landau	5
1545	poivron	5
1546	plongeoir	5
1547	pêcher	5
1548	lapereau	5
1549	faon	5
1550	guépard	5
1551	coton	5
1552	pantin	5
1553	blessé	5
1554	marmotte	5
1555	flamme	5
1556	guidon	5
1557	cabine	5
1558	encre	5
1559	ennui	5
1560	anneau	5
1561	frigidaire	5
1562	planche	5
1563	tube	5
1564	grain	5
1565	menton	5
1566	chasse	5
1567	escalade	5
1568	parking	5
1569	déshabillé	5
1570	hexagone	5
1571	grille	5
1572	sauterelle	5
1573	retour	5
1574	fatigue	5
1575	thermomètre	5
1576	gigot	5
1577	puce	5
1578	cagoule	5
1579	chicorée	4
1580	sachet	4
1581	congé	4
1582	complet	4
1583	percolateur	4
1584	bandit	4
1585	estomac	4
1586	kilo	4
1587	russe	4
1588	sésame	4
1589	juin	4
1590	évaluation	4
1591	orthographe	4
1592	carreleur	4
1593	grenier	4
1594	directeur	4
1595	croche	4
1596	rime	4
1597	date	4
1598	menotte	4
1599	poudre	4
1600	cocher	4
1601	gosse	4
1602	imbécile	4
1603	merveilleux	4
1604	alphabet	4
1605	marabout	4
1606	tintamarre	4
1607	bulletin	4
1608	paillasson	4
1609	chemisette	4
1610	professeur	4
1611	portugais	4
1612	rot	4
1613	dentiste	4
1614	archet	4
1615	balade	4
1616	pause	4
1617	heureux	4
1618	cadenas	4
1619	luciole	4
1620	clarinette	4
1621	tirette	4
1622	fichu	4
1623	ratatouille	4
1624	signe	4
1625	atelier	4
1626	cochonne	4
1627	boulanger	4
1628	ourse	4
1629	pelleteur	4
1630	cola	4
1631	repassage	4
1632	riche	4
1633	invitation	4
1634	angine	4
1635	steak	4
1636	vivant	4
1637	océan	4
1638	bataille	4
1639	torchon	4
1640	toucan	4
1641	char	4
1642	saison	4
1643	crinière	4
1644	racine	4
1645	banque	4
1646	bière	4
1647	grisette	4
1648	artifice	4
1649	impossible	4
1650	camionnette	4
1651	rugby	4
1652	igloo	4
1653	biquette	4
1654	chalet	4
1655	tuile	4
1656	arme	4
1657	pastel	4
1658	grenadine	4
1659	mademoiselle	4
1660	mine	4
1661	anorak	4
1662	imperméable	4
1663	transat	4
1664	circuit	4
1665	lièvre	4
1666	abord	4
1667	boucher	4
1668	billet	4
1669	chamois	4
1670	sucré	4
1671	tramway	4
1672	tissu	4
1673	boucherie	4
1674	gag	4
1675	appartement	4
1676	blanquette	4
1677	barreau	4
1678	pouf	4
1679	serre	4
1680	syndicat	4
1681	klaxon	4
1682	envoyé	4
1683	flotte	4
1684	chandelle	4
1685	myrtille	4
1686	brioche	4
1687	électrophone	4
1688	préau	4
1689	mesdames	4
1690	fondu	4
1691	cornichon	4
1692	pan	4
1693	failli	4
1694	manifestation	4
1695	téléphérique	4
1696	tonne	4
1697	cocon	4
1698	abri	4
1699	polaire	4
1700	merde	4
1701	foulard	4
1702	canon	4
1703	lessive	4
1704	connard	4
1705	pioupiou	4
1706	mobylette	3
1707	grippe	3
1708	moquette	3
1709	époux	3
1710	épicier	3
1711	boutonnière	3
1712	trotte	3
1713	yak	3
1714	dompteur	3
1715	mimi	3
1716	loulou	3
1717	mou	3
1718	meunier	3
1719	penderie	3
1720	photographie	3
1721	réparation	3
1722	métier	3
1723	cheville	3
1724	contrôle	3
1725	stagiaire	3
1726	épaisseur	3
1727	minus	3
1728	adresse	3
1729	brigand	3
1730	soixante	3
1731	coche	3
1732	intervention	3
1733	potion	3
1734	amitié	3
1735	erreur	3
1736	armure	3
1737	nombre	3
1738	villa	3
1739	sentiment	3
1740	évidence	3
1741	vol	3
1742	furet	3
1743	vérité	3
1744	septembre	3
1745	match	3
1746	carafe	3
1747	gaillard	3
1748	décolleté	3
1749	recette	3
1750	vétérinaire	3
1751	rossignol	3
1752	protection	3
1753	hockey	3
1754	prof	3
1755	fossile	3
1756	approche	3
1757	prairie	3
1758	direct	3
1759	larve	3
1760	quetzal	3
1761	mécanicien	3
1762	atterrissage	3
1763	orge	3
1764	voyant	3
1765	apéro	3
1766	arête	3
1767	clique	3
1768	traîne	3
1769	phénomène	3
1770	badge	3
1771	set	3
1772	ouvrier	3
1773	poignet	3
1774	potage	3
1775	marcassin	3
1776	championne	3
1777	spéculoos	3
1778	prix	3
1779	position	3
1780	marqueur	3
1781	saladier	3
1782	scène	3
1783	nana	3
1784	décoration	3
1785	aubergine	3
1786	concombre	3
1787	smack	3
1788	pourri	3
1789	revenant	3
1790	body	3
1791	cicatrice	3
1792	collège	3
1793	salaud	3
1794	bricoleur	3
1795	écriture	3
1796	colline	3
1797	capuchon	3
1798	boeuf	3
1799	carnivore	3
1800	vernis	3
1801	vautour	3
1802	mars	3
1803	août	3
1804	rototo	3
1805	terrain	3
1806	dispute	3
1807	éventail	3
1808	vallée	3
1809	caniche	3
1810	vipère	3
1811	gamelle	3
1812	kilomètre	3
1813	titi	3
1814	art	3
1815	caméléon	3
1816	zip	3
1817	tremplin	3
1818	babouche	3
1819	varicelle	3
1820	sonnerie	3
1821	électricité	3
1822	costaud	3
1823	choucroute	3
1824	souhait	3
1825	pélican	3
1826	puits	3
1827	comptine	3
1828	traîneau	3
1829	matines	3
1830	insecte	3
1831	hauteur	3
1832	gendarme	3
1833	paon	3
1834	porc	3
1835	mètre	3
1836	écolier	3
1837	bonheur	3
1838	morse	3
1839	sot	3
1840	paie	3
1841	blouse	3
1842	roquefort	3
1843	rampe	3
1844	hochet	3
1845	bascule	3
1846	mannequin	3
1847	trèfle	3
1848	cactus	3
1849	pastèque	3
1850	cavalier	3
1851	ménagère	3
1852	respiration	3
1853	gaufre	3
1854	théâtre	3
1855	chaudron	3
1856	moineau	3
1857	jument	3
1858	cane	3
1859	manchot	3
1860	tirelire	3
1861	embouteillage	3
1862	commerce	3
1863	plateau	3
1864	dossier	3
1865	genre	3
1866	bêta	3
1867	rame	3
1868	étoffe	3
1869	ciré	3
1870	débouché	3
1871	foie	3
1872	otite	3
1873	circulation	3
1874	poltron	3
1875	bigoudi	3
1876	nageoire	3
1877	piquant	3
1878	toux	3
1879	autocar	3
1880	miséricorde	3
1881	colique	3
1882	rondelle	3
1883	brou	3
1884	bave	3
1885	minet	3
1886	lancée	3
1887	portier	3
1888	cor	3
1889	lé	3
1890	offre	3
1891	cirage	3
1892	flan	3
1893	chagrin	3
1894	store	3
1895	bocal	3
1896	poireau	3
1897	duvet	3
1898	couille	3
1899	bordel	3
1900	pelouse	3
1901	cornet	2
1902	céleri	2
1903	pli	2
1904	sottise	2
1905	humeur	2
1906	revolver	2
1907	crosse	2
1908	oseille	2
1909	résultat	2
1910	ris	2
1911	effort	2
1912	ordonnance	2
1913	toast	2
1914	montgolfière	2
1915	gaffe	2
1916	fer	2
1917	margarine	2
1918	poêlon	2
1919	corridor	2
1920	celluloïd	2
1921	horloge	2
1922	shérif	2
1923	orteil	2
1924	aise	2
1925	gazon	2
1926	caboche	2
1927	clôture	2
1928	suçon	2
1929	livreur	2
1930	zézette	2
1931	furoncle	2
1932	exégèse	2
1933	louis	2
1934	croisière	2
1935	temple	2
1936	consigne	2
1937	chorale	2
1938	activité	2
1939	imprimante	2
1940	mandala	2
1941	détective	2
1942	prière	2
1943	virgule	2
1944	verbe	2
1945	tubercule	2
1946	science	2
1947	pèlerinage	2
1948	buvard	2
1949	studio	2
1950	idéal	2
1951	borne	2
1952	ciment	2
1953	engin	2
1954	concurrent	2
1955	yakitori	2
1956	identité	2
1957	paroisse	2
1958	mail	2
1959	casier	2
1960	télésiège	2
1961	parallèle	2
1962	calcul	2
1963	barque	2
1964	louloute	2
1965	merveilleuse	2
1966	placer	2
1967	grillage	2
1968	épreuve	2
1969	équipe	2
1970	pente	2
1971	cerisier	2
1972	strophe	2
1973	égalité	2
1974	île	2
1975	peintre	2
1976	collection	2
1977	rusé	2
1978	fa	2
1979	pistache	2
1980	pâques	2
1981	stage	2
1982	caserne	2
1983	néerlandais	2
1984	bidule	2
1985	alerte	2
1986	permission	2
1987	obstacle	2
1988	mémoire	2
1989	repos	2
1990	sommet	2
1991	bikini	2
1992	moniteur	2
1993	compagnie	2
1994	exposition	2
1995	rapace	2
1996	cercle	2
1997	mesure	2
1998	apparence	2
1999	état	2
2000	louveteau	2
2001	batterie	2
2002	lâcher	2
2003	génie	2
2004	grâce	2
2005	prudence	2
2006	arc	2
2007	manière	2
2008	cinquième	2
2009	amande	2
2010	matériel	2
2011	bronze	2
2012	sonnette	2
2013	espagnol	2
2014	lampadaire	2
2015	écarlate	2
2016	club	2
2017	assistant	2
2018	poing	2
2019	thon	2
2020	échec	2
2021	foule	2
2022	rumeur	2
2023	héros	2
2024	anche	2
2025	mangue	2
2026	abricotier	2
2027	parole	2
2028	sein	2
2029	homard	2
2030	hamac	2
2031	excuse	2
2032	fane	2
2033	combinaison	2
2034	ruisseau	2
2035	star	2
2036	ptérodactyle	2
2037	écran	2
2038	portail	2
2039	sauteur	2
2040	échasse	2
2041	figue	2
2042	agenda	2
2043	sucrier	2
2044	baby	2
2045	décor	2
2046	solution	2
2047	melon	2
2048	avocat	2
2049	pressé	2
2050	chantier	2
2051	bonshommes	2
2052	plâtre	2
2053	crête	2
2054	promis	2
2055	piment	2
2056	perlimpinpin	2
2057	tirée	2
2058	curieux	2
2059	basilic	2
2060	capricorne	2
2061	précieuse	2
2062	virage	2
2063	hotte	2
2064	basse	2
2065	jardinier	2
2066	chauffeur	2
2067	quartier	2
2068	gui	2
2069	chair	2
2070	pépère	2
2071	baie	2
2072	clinique	2
2073	cake	2
2074	théier	2
2075	pistole	2
2076	président	2
2077	lange	2
2078	square	2
2079	boxe	2
2080	madeleine	2
2081	jalouse	2
2082	chic	2
2083	ronflement	2
2084	scooter	2
2085	coquelicot	2
2086	diarrhée	2
2087	tronçonneuse	2
2088	brisées	2
2089	chiotte	2
2090	jongleur	2
2091	mouflette	2
2092	sardine	2
2093	tornade	2
2094	dribble	2
2095	matinée	2
2096	opération	2
2097	bidet	2
2098	litière	2
2099	contraire	2
2100	réponse	2
2101	terrier	2
2102	patronne	2
2103	million	2
2104	perruche	2
2105	champion	2
2106	présent	2
2107	bécasse	2
2108	crétin	2
2109	sauvage	2
2110	cerbère	2
2111	devinette	2
2112	caverne	2
2113	ouistiti	2
2114	andouille	2
2115	novembre	2
2116	octobre	2
2117	laser	2
2118	poulailler	2
2119	couscous	2
2120	voeu	2
2121	rousse	2
2122	soirée	2
2123	acrobatie	2
2124	nature	2
2125	aventure	2
2126	cruchon	2
2127	pamplemousse	2
2128	descendant	2
2129	porcelet	2
2130	découpage	2
2131	fenouil	2
2132	vaccin	2
2133	couffin	2
2134	escabeau	2
2135	caddie	2
2136	otoscope	2
2137	toise	2
2138	bélier	2
2139	biquet	2
2140	navire	2
2141	pendule	2
2142	gras	2
2143	merle	2
2144	marmite	2
2145	kleenex	2
2146	savane	2
2147	broche	2
2148	arnica	2
2149	baume	2
2150	appui	2
2151	lionceau	2
2152	griffure	2
2153	yack	2
2154	balayette	2
2155	cristal	2
2156	saumon	2
2157	écrevisse	2
2158	guignol	2
2159	odeur	2
2160	pareille	2
2161	urgence	2
2162	taxi	2
2163	camping	2
2164	bassin	2
2165	poids	2
2166	fronde	2
2167	épouvantail	2
2168	base	2
2169	gruyère	2
2170	usine	2
2171	mémère	2
2172	ancre	2
2173	noyé	2
2174	noiraud	2
2175	margoulette	2
2176	béton	2
2177	blagueur	2
2178	planque	2
2179	cervelle	2
2180	ocarina	2
2181	trempe	2
2182	pierrot	2
2183	alligator	2
2184	fourreau	2
2185	calembour	2
2186	carnassier	2
2187	bobine	2
2188	fourneau	2
2189	commission	2
2190	tic	2
2191	fièvre	2
2192	shampoing	2
2193	putois	2
2194	réglisse	2
2195	goule	2
2196	canine	2
2197	thym	2
2198	emballage	1
2199	partant	1
2200	enveloppe	1
2201	coquette	1
2202	bienheureux	1
2203	ruche	1
2204	décembre	1
2205	humain	1
2206	semailles	1
2207	mordant	1
2208	température	1
2209	explication	1
2210	renvoi	1
2211	sotte	1
2212	pharmacie	1
2213	rayon	1
2214	déménagement	1
2215	nuque	1
2216	franc	1
2217	patron	1
2218	tricheur	1
2219	importance	1
2220	charcuterie	1
2221	palette	1
2222	givre	1
2223	futur	1
2224	agréable	1
2225	souper	1
2226	marelle	1
2227	expéditeur	1
2228	sérieuse	1
2229	orchestre	1
2230	entonnoir	1
2231	dormeur	1
2232	majesté	1
2233	gouda	1
2234	relance	1
2235	malpropre	1
2236	remorqueur	1
2237	bossu	1
2238	ophtalmologue	1
2239	tremblement	1
2240	serveur	1
2241	bleuet	1
2242	bêche	1
2243	action	1
2244	gargouillis	1
2245	ombrelle	1
2246	impatience	1
2247	tabac	1
2248	volume	1
2249	cigogne	1
2250	fouet	1
2251	croc	1
2252	clos	1
2253	perruque	1
2254	capot	1
2255	gogo	1
2256	recyclage	1
2257	lasagne	1
2258	pige	1
2259	bedaine	1
2260	picot	1
2261	tine	1
2262	toto	1
2263	baba	1
2264	prochain	1
2265	aéroport	1
2266	proche	1
2267	frein	1
2268	cornemuse	1
2269	mule	1
2270	cytoplasme	1
2271	glaçon	1
2272	pal	1
2273	néné	1
2274	véhicule	1
2275	défaite	1
2276	classement	1
2277	supérieur	1
2278	coupable	1
2279	cale	1
2280	baronne	1
2281	journaliste	1
2282	rubis	1
2283	assassin	1
2284	photographe	1
2285	rédacteur	1
2286	paquebot	1
2287	reportage	1
2288	luxe	1
2289	large	1
2290	explorateur	1
2291	énigme	1
2292	orphelin	1
2293	avare	1
2294	février	1
2295	pitié	1
2296	charrette	1
2297	être	1
2298	collègue	1
2299	directrice	1
2300	colonne	1
2301	principe	1
2302	version	1
2303	acquisition	1
2304	pluriel	1
2305	toiture	1
2306	révision	1
2307	infinitif	1
2308	vocabulaire	1
2309	photocopieur	1
2310	gel	1
2311	fraisier	1
2312	arbuste	1
2313	origine	1
2314	aliment	1
2315	texte	1
2316	transformation	1
2317	longueur	1
2318	galère	1
2319	chemisier	1
2320	tombeau	1
2321	rétroviseur	1
2322	hanche	1
2323	dépense	1
2324	mezzanine	1
2325	bricolage	1
2326	invention	1
2327	mitraillette	1
2328	militaire	1
2329	braise	1
2330	solfège	1
2331	tir	1
2332	chronomètre	1
2333	changement	1
2334	chalumeau	1
2335	électricien	1
2336	cloison	1
2337	averse	1
2338	mortier	1
2339	vainqueur	1
2340	mouvement	1
2341	arbitre	1
2342	rôle	1
2343	minuit	1
2344	fromager	1
2345	intéressé	1
2346	doute	1
2347	élan	1
2348	gagnant	1
2349	monitrice	1
2350	salto	1
2351	gyrophare	1
2352	automatique	1
2353	commissariat	1
2354	acide	1
2355	imposteur	1
2356	fétiche	1
2357	limaçon	1
2358	thème	1
2359	menu	1
2360	écart	1
2361	pagaille	1
2362	quantité	1
2363	pleur	1
2364	objet	1
2365	trône	1
2366	prévenu	1
2367	parapente	1
2368	tourbillon	1
2369	bâillement	1
2370	cafard	1
2371	skateboard	1
2372	goéland	1
2373	laitier	1
2374	décollage	1
2375	amulette	1
2376	supermarché	1
2377	maladroit	1
2378	ballerine	1
2379	passant	1
2380	talon	1
2381	arrangement	1
2382	patinoire	1
2383	rebord	1
2384	cerveau	1
2385	incendie	1
2386	anse	1
2387	frérot	1
2388	natte	1
2389	réfrigérateur	1
2390	batteur	1
2391	moissonneur	1
2392	dortoir	1
2393	intrus	1
2394	parachute	1
2395	factrice	1
2396	plot	1
2397	bâtiment	1
2398	pif	1
2399	liant	1
2400	soixantième	1
2401	gaucher	1
2402	aperçu	1
2403	radar	1
2404	primaire	1
2405	équitation	1
2406	réfectoire	1
2407	pire	1
2408	chère	1
2409	affamé	1
2410	devenir	1
2411	démonstration	1
2412	joueur	1
2413	allié	1
2414	folle	1
2415	examen	1
2416	tamis	1
2417	habitué	1
2418	superbe	1
2419	pote	1
2420	arrivant	1
2421	coulisse	1
2422	col	1
2423	bouclier	1
2424	chauve	1
2425	récompense	1
2426	trousse	1
2427	poursuite	1
2428	invite	1
2429	mec	1
2430	entraînement	1
2431	fiancé	1
2432	handicapé	1
2433	déchet	1
2434	code	1
2435	ceinturon	1
2436	malpoli	1
2437	marmot	1
2438	hirondelle	1
2439	chorégraphie	1
2440	diplôme	1
2441	sécurité	1
2442	pensée	1
2443	comportement	1
2444	contour	1
2445	solitude	1
2446	constructeur	1
2447	cachet	1
2448	direction	1
2449	issue	1
2450	coquetier	1
2451	méthode	1
2452	craque	1
2453	farce	1
2454	fourmilier	1
2455	footballeur	1
2456	dessinateur	1
2457	bar	1
2458	rasoir	1
2459	pastille	1
2460	buffle	1
2461	colombe	1
2462	réservoir	1
2463	échappée	1
2464	baballe	1
2465	crise	1
2466	sportif	1
2467	patinette	1
2468	centimètre	1
2469	coupage	1
2470	mirabelle	1
2471	récolte	1
2472	cassis	1
2473	seigneur	1
2474	api	1
2475	escrime	1
2476	élève	1
2477	silhouette	1
2478	distribution	1
2479	arbalétrier	1
2480	nougat	1
2481	relais	1
2482	lisse	1
2483	abordage	1
2484	louche	1
2485	boulangerie	1
2486	oblique	1
2487	clavier	1
2488	taboulé	1
2489	arabe	1
2490	syllabe	1
2491	technique	1
2492	violoncelle	1
2493	bouffon	1
2494	freinage	1
2495	réflexe	1
2496	diplodocus	1
2497	style	1
2498	relevé	1
2499	toque	1
2500	différence	1
2501	castagnettes	1
2502	rebond	1
2503	jonquille	1
2504	téléski	1
2505	étable	1
2506	clairière	1
2507	portique	1
2508	plancton	1
2509	tapée	1
2510	iguane	1
2511	endive	1
2512	semoule	1
2513	daim	1
2514	société	1
2515	gargouille	1
2516	fût	1
2517	descente	1
2518	paradis	1
2519	reptile	1
2520	brugnon	1
2521	lavande	1
2522	tourment	1
2523	défense	1
2524	cassoulet	1
2525	harpe	1
2526	pagne	1
2527	rayure	1
2528	bambou	1
2529	délicat	1
2530	concert	1
2531	agrumes	1
2532	camélia	1
2533	conte	1
2534	laboratoire	1
2535	dépanneur	1
2536	instruction	1
2537	gramme	1
2538	pellicule	1
2539	épi	1
2540	capucin	1
2541	oubli	1
2542	tremble	1
2543	cocotier	1
2544	passeport	1
2545	pôle	1
2546	rallonge	1
2547	chambard	1
2548	communion	1
2549	blessure	1
2550	mensonge	1
2551	pudding	1
2552	clocher	1
2553	folie	1
2554	classeur	1
2555	bienvenu	1
2556	poutre	1
2557	enchanteur	1
2558	samba	1
2559	cortège	1
2560	sagouin	1
2561	chouquette	1
2562	ménage	1
2563	mimosa	1
2564	barbichette	1
2565	crapule	1
2566	gazelle	1
2567	courbature	1
2568	piquette	1
2569	aérosol	1
2570	kiné	1
2571	bâbord	1
2572	ingrédient	1
2573	jazz	1
2574	battue	1
2575	bowling	1
2576	filou	1
2577	buisson	1
2578	région	1
2579	épisode	1
2580	quiquette	1
2581	cochonnerie	1
2582	gnocchi	1
2583	pitre	1
2584	matelot	1
2585	volley	1
2586	chimpanzé	1
2587	safari	1
2588	clochette	1
2589	vestiaire	1
2590	pelote	1
2591	farceur	1
2592	asiatique	1
2593	palme	1
2594	empereur	1
2595	romantique	1
2596	fauve	1
2597	danseur	1
2598	recharge	1
2599	vachette	1
2600	bique	1
2601	salut	1
2602	charlotte	1
2603	chantilly	1
2604	molette	1
2605	relève	1
2606	émission	1
2607	tronche	1
2608	appel	1
2609	météo	1
2610	poster	1
2611	tac	1
2612	blouson	1
2613	trapèze	1
2614	carriole	1
2615	baron	1
2616	donjon	1
2617	pissette	1
2618	trot	1
2619	dingue	1
2620	nickel	1
2621	rectangle	1
2622	hameçon	1
2623	iris	1
2624	écurie	1
2625	malléole	1
2626	grec	1
2627	mas	1
2628	bricole	1
2629	relief	1
2630	malheureux	1
2631	clafoutis	1
2632	bûche	1
2633	pupitre	1
2634	malle	1
2635	coffret	1
2636	balustrade	1
2637	stégosaure	1
2638	tamanoir	1
2639	pyramide	1
2640	monospace	1
2641	élévateur	1
2642	ânon	1
2643	blues	1
2644	fillette	1
2645	apprenti	1
2646	reinette	1
2647	tabatière	1
2648	pâquerette	1
2649	bigorneau	1
2650	écorché	1
2651	tapette	1
2652	ardoise	1
2653	glaçage	1
2654	agrafeuse	1
2655	portée	1
2656	gelée	1
2657	cacahouète	1
2658	boisson	1
2659	mie	1
2660	professionnel	1
2661	caméraman	1
2662	cric	1
2663	baleineau	1
2664	calamité	1
2665	saxophone	1
2666	brebis	1
2667	aiglon	1
2668	louve	1
2669	frais	1
2670	sérum	1
2671	marguerite	1
2672	minette	1
2673	fourré	1
2674	soupière	1
2675	bru	1
2676	funiculaire	1
2677	mouflon	1
2678	edelweiss	1
2679	faucille	1
2680	publicité	1
2681	cire	1
2682	monument	1
2683	piéton	1
2684	cendre	1
2685	étamine	1
2686	japonaise	1
2687	grog	1
2688	profondeur	1
2689	gyroscope	1
2690	autoroute	1
2691	oignon	1
2692	pari	1
2693	agrafe	1
2694	repartie	1
2695	jeton	1
2696	goulu	1
2697	écrou	1
2698	cognac	1
2699	labo	1
2700	zigzag	1
2701	bagnole	1
2702	coqueluche	1
2703	cigare	1
2704	plaisantin	1
2705	ion	1
2706	étudiant	1
2707	gaz	1
2708	autobus	1
2709	aérogare	1
2710	creux	1
2711	sciure	1
2712	trombone	1
2713	mégot	1
2714	mollet	1
2715	ré	1
2716	tyran	1
2717	kola	1
2718	moderne	1
2719	écouteur	1
2720	visite	1
2721	cruche	1
2722	tanin	1
2723	cocorico	1
2724	jaquette	1
2725	charge	1
2726	choc	1
2727	calculette	1
2728	cachou	1
2729	mangeur	1
2730	réserve	1
2731	conne	1
2732	danger	1
2733	fouille	1
2734	whisky	1
2735	lolo	1
2736	grenade	1
2737	protégé	1
2738	nouille	1
2739	rage	1
